{
  "total_tests": 5,
  "passed_tests": 5,
  "retrieval_scores": [
    0.0,
    0.3333333333333333,
    0.0,
    0.0,
    1.0
  ],
  "groundedness_scores": [
    1.0,
    1.0,
    1.0,
    1.0,
    1.0
  ],
  "response_scores": [
    0.43999999999999995,
    0.8125,
    0.875,
    0.625,
    0.75
  ]
}